"id","group","radius","citing_patents_count","index","x","y","vy","vx"
"Structural basis of PROTAC cooperative recognition for selective protein degradation.","Cited Works",2,2,0,-89.07612772329774,-31.724073722075502,-0.00044440112702113664,-0.0005504558606831651
"The influence of rough lipopolysaccharide structure on molecular interactions with mammalian antimicrobial peptides","Cited Works",1,1,1,292.01924558122016,20.58982909949924,0.0005066324790882196,-0.0003133467658570893
"New Synthetic Routes to Triazolo-benzodiazepine Analogues: Expanding the Scope of the Bump-and-Hole Approach for Selective Bromo and Extra-Terminal (BET) Bromodomain Inhibition.","Cited Works",1,1,2,94.15415607884927,68.91108008531036,-0.00008930578153019779,-0.00027057364626159076
"Cyclic and Macrocyclic Peptides as Chemical Tools To Recognise Protein Surfaces and Probe Protein-Protein Interactions.","Cited Works",1,1,3,33.37892351637047,-352.55090967233645,-0.00005852108439020065,-0.00023803426636379436
"8-Substituted Pyrido[3,4-d]pyrimidin-4(3H)-one Derivatives As Potent, Cell Permeable, KDM4 (JMJD2) and KDM5 (JARID1) Histone Lysine Demethylase Inhibitors.","Cited Works",3,3,4,83.79934971737438,24.6777524582313,0.000025977892472747298,0.00004873194854142504
"Discovery of Type II Inhibitors of TGFβ-Activated Kinase 1 (TAK1) and Mitogen-Activated Protein Kinase Kinase Kinase Kinase 2 (MAP4K2)","Cited Works",1,1,5,111.75598190194015,259.63793512464827,0.00010073329061933562,-0.0001253552267709554
"SIK2 regulates CRTCs, HDAC4 and glucose uptake in adipocytes","Cited Works",1,1,6,-218.816535681118,-177.67749472591314,-0.00014585831238905916,-0.00007125763746940947
"Metabotropic Glutamate Receptor 5 Negative Allosteric Modulators: Discovery of 2-Chloro-4-[1-(4-fluorophenyl)-2,5-dimethyl-1H-imidazol-4-ylethynyl]pyridine (Basimglurant, RO4917523), a Promising Novel Medicine for Psychiatric Diseases","Cited Works",1,1,7,272.58662214737376,-112.86977962134543,0.000488800505570753,-0.000540557664274776
"Nrf2 regulates ROS production by mitochondria and NADPH oxidase.","Cited Works",1,1,8,-177.60999060093087,264.1037413389491,0.00038175794306634505,-0.00007560689568322718
"The clinically approved drugs dasatinib and bosutinib induce anti-inflammatory macrophages by inhibiting the salt-inducible kinases","Cited Works",1,1,9,-60.63760849885177,-330.57637648331934,-0.00019389769989549278,-0.0005066805102629558
"New Monocyclic, Bicyclic, and Tricyclic Ethynylcyanodienones as Activators of the Keap1/Nrf2/ARE Pathway and Inhibitors of Inducible Nitric Oxide Synthase","Cited Works",1,1,10,311.60345715063136,134.48153163750501,0.0004278527648392958,-0.000016586723907374007
"Palmitoylation of the Na/Ca exchanger cytoplasmic loop controls its inactivation and internalization during stress signaling","Cited Works",1,1,11,-320.5733348045522,-50.37621757783373,-0.00030555720268983164,-0.00002558293411035889
"Molecular Cloning and Functional Characterization of Components of the Capsule Biosynthesis Complex of Neisseria meningitidis Serogroup A TOWARD IN VITRO VACCINE PRODUCTION","Cited Works",1,1,12,253.29881145718872,-205.06865100220827,0.0005656555661975461,0.0006434338818420225
"A bump-and-hole approach to engineer controlled selectivity of BET bromodomain chemical probes","Cited Works",7,7,13,151.19608320078353,63.33767583390543,-0.00023977477962996985,-0.0003118276011516423
"An unexpected twist to the activation of IKKβ: TAK1 primes IKKβ for activation by autophosphorylation","Cited Works",2,2,14,-48.937495732673014,-20.722722627195598,0.00025531391243795187,-0.0005780316612508394
"Crystallographic analysis of Neisseria meningitidis PorB extracellular loops potentially implicated in TLR2 recognition","Cited Works",1,1,15,-185.64727438569238,70.51130316999708,-0.00026386890604285,-0.0005201045524625012
"The LKB1-salt-inducible kinase pathway functions as a key gluconeogenic suppressor in the liver","Cited Works",1,1,16,-193.10589813025436,-184.46455914848008,0.000004606098493630667,-0.0000608583055507636
"Characterization of VPS34-IN1, a selective inhibitor of Vps34, reveals that the phosphatidylinositol 3-phosphate-binding SGK3 protein kinase is a downstream target of class III phosphoinositide 3-kinase","Cited Works",3,3,17,-190.0324362231698,-32.84313381463747,-0.0006202962766958055,-0.00018389624044794147
"3-(2-oxoethylidene)indolin-2-one derivatives activate Nrf2 and inhibit NF-κB: potential candidates for chemoprevention.","Cited Works",6,6,18,148.9302861211031,-152.0863187197044,-0.00007379204548377503,0.00026907243271784146
"Carnosic acid stimulates glucose uptake in skeletal muscle cells via a PME-1/PP2A/PKB signalling axis","Cited Works",1,1,19,141.33015762029112,322.38089367195187,0.00011142448462978655,0.00010052311113218984
"Kv1.3 inhibitors have differential effects on glucose uptake and AMPK activity in skeletal muscle cell lines and mouse ex vivo skeletal muscle","Cited Works",2,2,20,-150.91849869016986,-175.8610443581094,0.00046855107919168966,0.00018628308403851115
"Restoration of CFTR function in patients with cystic fibrosis carrying the F508del-CFTR mutation","Cited Works",2,2,21,-17.169605299567632,-23.922756833192796,-0.0005492329196255504,-0.0003613513071288927
"Parkin is activated by PINK1-dependent phosphorylation of ubiquitin at Ser65","Cited Works",4,4,22,-76.57017296443941,122.58840392962516,0.00041773360434331914,-0.000026897559924825286
"Substrate recognition by the cell surface palmitoyl transferase DHHC5.","Cited Works",1,1,23,-321.20443293236065,-108.50404221052001,-0.00018010028279416765,-0.00009126620940974606
"Dysregulation of ubiquitin homeostasis and β-catenin signaling promote spinal muscular atrophy","Cited Works",1,1,24,-239.1075888540162,-126.14308049200203,-0.0005649645161777468,0.0014585139042300693
"Structure-Guided Design and Optimization of Small Molecules Targeting the Protein–Protein Interaction between the von Hippel–Lindau (VHL) E3 Ubiquitin Ligase and the Hypoxia Inducible Factor (HIF) Alpha Subunit with in Vitro Nanomolar Affinities","Cited Works",2,2,25,-93.0756930970279,-89.24665332329813,-0.0003187977380431167,0.00020880168461424563
"The Nrf2 regulatory network provides an interface between redox and intermediary metabolism","Cited Works",1,1,26,-183.38733071995196,147.66540014213444,-0.00037401279428232216,0.0001640424457411596
"Characterization of WZ4003 and HTH-01-015 as selective inhibitors of the LKB1-tumour-suppressor-activated NUAK kinases","Cited Works",1,1,27,-87.67011468757549,-165.23954442541915,0.0002236416174860617,0.00040694973914800895
"Synthesis of vitamin D3 analogues with A-ring modifications to directly measure vitamin D levels in biological samples","Cited Works",6,6,28,11.999821083900539,-86.0654306328581,0.00036522515775694667,-0.0001397911249577301
"Structure-activity relationship studies of pyrrolone antimalarial agents","Cited Works",2,2,29,99.68269979344122,-52.28193904704552,0.0006111705239927385,-0.0007177164711117723
"The Concise Guide to Pharmacology 2013/14.: The Concise Guide to Pharmacology 2013/14: G Protein-Coupled Receptors","Cited Works",2,2,30,-258.242647413043,180.40236655185785,0.00017186095000876062,-0.0008521308888568723
"Elevated SGK1 predicts resistance of breast cancer cells to Akt inhibitors","Cited Works",1,1,31,333.39856836815915,-96.04362116568988,0.00040824705678035655,0.0001142713819375446
"Metabolism of inflammation limited by AMPK and pseudo-starvation","Cited Works",1,1,32,-185.59504239477005,298.77345560606096,0.000376950922241856,0.00009110242148576211
"Nrf2 impacts cellular bioenergetics by controlling substrate availability for mitochondrial respiration","Cited Works",1,1,33,224.95318879787715,-112.91711580657399,-0.0004274321526907331,-0.00044964504093385617
"The anti-inflammatory compound BAY 11-7082 is a potent inhibitor of Protein Tyrosine Phosphatases","Cited Works",1,1,34,303.5391608366447,168.3069185379506,0.00020739887447254607,-0.00042389841440990046
"BslA is a self-assembling bacterial hydrophobin that coats the Bacillus subtilis biofilm","Cited Works",3,3,35,-198.1707947438659,214.967923907944,0.00005452161788312426,0.00007445834758022934
"Investigation of acyclic uridine amide and 5′-amido nucleoside analogues as potential inhibitors of the Plasmodium falciparum dUTPase","Cited Works",1,1,36,-189.47464715417277,-301.99061385871056,0.0001448972812647331,-0.00019195116001462578
"Discovery and structure-activity relationships of pyrrolone antimalarials","Cited Works",1,1,37,143.0884810384079,-94.10237273297352,0.00013177836622927928,-0.0012220490533516519
"De Novo Design of Protein Kinase Inhibitors by in Silico Identification of Hinge Region-Binding Fragments","Cited Works",3,3,38,-200.35558169612298,-85.6316457533704,0.0002479436579301851,0.0002968904654345107
"Comprehensive characterization and optimization of anti-LRRK2 (leucine-rich repeat kinase 2) monoclonal antibodies","Cited Works",1,1,39,244.44841401462594,177.54919059215203,-0.0004210482376648519,-0.00005486792838942725
"From On-Target to Off-Target Activity: Identification and Optimisation of Trypanosoma brucei GSK3 Inhibitors and Their Characterisation as Anti-Trypanosoma brucei Drug Discovery Lead Molecules","Cited Works",2,2,40,2.6604426205992433,108.47057123100494,0.0003724766292794168,0.000054191389258410515
"HIF-independent role of prolyl hydroxylases in the cellular response to amino acids","Cited Works",2,2,41,-272.29653116073274,-174.04766163161818,-0.0001226415869961077,-0.00020550901759145215
"Structural determinants for ERK5 (MAPK7) and leucine rich repeat kinase 2 activities of benzo[e]pyrimido-[5,4-b]diazepine-6(11H)-ones","Cited Works",11,11,42,169.96144928383032,55.168426323236694,-0.0004401113417678471,-0.0002213310445846897
"A novel shogaol analog suppresses cancer cell invasion and inflammation, and displays cytoprotective effects through modulation of NF-κB and Nrf2-Keap1 signaling pathways","Cited Works",2,2,43,-274.4218321747708,-96.01601303972222,-0.000019481538649703324,-0.0005281372856244263
"X-ray Crystal Structure of ERK5 (MAPK7) in Complex with a Specific Inhibitor","Cited Works",3,3,44,197.44667904859514,45.56944681308071,-0.000347213013907691,0.0004556970603247091
"The endosome-lysosome pathway and information generation in the immune system.","Cited Works",2,2,45,-48.63429812036504,273.8833872534905,0.00018214400966042738,0.00014096264763278042
"GSK2578215A; a potent and highly selective 2-arylmethyloxy-5-substitutent-N-arylbenzamide LRRK2 kinase inhibitor.","Cited Works",1,1,46,261.97367214636046,46.76810348039183,-0.0005525995539857007,-0.00038425256116648776
"Structure of the TatC core of the twin-arginine protein transport system","Cited Works",1,1,47,82.79350062725727,281.3977601410488,-0.0003052549691747314,-0.00016917603599368792
"The Ancient Drug Salicylate Directly Activates AMP-Activated Protein Kinase","Cited Works",2,2,48,107.98097815251182,126.06037047842288,0.0002951295219267264,0.0006236503249259024
"Application of a novel highly sensitive activity-based probe for detection of cathepsin G","Cited Works",1,1,49,-303.8159289091903,-181.96757751031527,0.000024340314702979426,-0.00009983552736515036
"Analysis of the role of Nrf2 in the expression of liver proteins in mice using two-dimensional gel-based proteomics","Cited Works",1,1,50,347.1207017927196,-44.34352158426971,0.00006872121339435727,0.000035787880292770245
"PINK1 is activated by mitochondrial membrane potential depolarization and stimulates Parkin E3 ligase activity by phosphorylating Serine 65","Cited Works",3,3,51,-135.13006226255237,107.6598642444274,-0.0000574623123681648,-0.000007876667033438963
"Synthesis, Chemical Reactivity as Michael Acceptors, and Biological Potency of Monocyclic Cyanoenones, Novel and Highly Potent Anti-inflammatory and Cytoprotective Agents(1)","Cited Works",2,2,52,312.5702621352904,95.28539809015125,0.0005003865929462607,0.0000192523798035929
"Design, Synthesis and Biological Evaluation of Trypanosoma brucei Trypanothione Synthetase Inhibitors","Cited Works",5,5,53,58.38166506286353,217.34971264468112,6.667640469457115e-7,0.00023915923652618134
"Mitogen-activated protein kinase-activated protein kinase 2 (MAPKAP-K2) as an antiinflammatory target: discovery and in vivo activity of selective pyrazolo[1,5-a]pyrimidine inhibitors using a focused library and structure-based optimization approach.","Cited Works",3,3,54,-102.74102864613077,-119.87283649834141,-0.00011483651436419578,0.00004856764909879074
"Chemical Proteomic Analysis Reveals the Drugability of the Kinome of Trypanosoma brucei","Cited Works",1,1,55,-145.79211493333023,62.38478486751428,0.00041926569359097344,-0.00021523880324878194
"Avirulence Protein 3a (AVR3a) from the Potato Pathogen Phytophthora infestans Forms Homodimers through Its Predicted Translocation Region and Does Not Specifically Bind Phospholipids","Cited Works",1,1,56,86.10215988196457,-95.29390576647025,0.000184490424749029,0.0000062773179458797125
"NEDD8 overexpression results in neddylation of ubiquitin substrates by the ubiquitin pathway.","Cited Works",1,1,57,-6.405641728739519,354.2223356580112,-0.0002086330712799539,0.00039576052508325237
"Kinome-wide Selectivity Profiling of ATP-competitive Mammalian Target of Rapamycin (mTOR) Inhibitors and Characterization of Their Binding Kinetics","Cited Works",1,1,58,-160.94340608866358,-127.99417081782143,0.00022634180846353052,0.0000763865922928618
"The ubiquitin E1 enzyme Ube1 mediates NEDD8 activation under diverse stress conditions","Cited Works",1,1,59,161.2915218878441,-71.86500639775461,-0.0003016317592655873,-0.00033094824813335204
"Acinetobacter baumannii FolD ligand complexes – potent inhibitors of folate metabolism and a re‐evaluation of the structure of LY374571","Cited Works",1,1,60,-77.43800327506686,65.852457654698,-0.00006829374783709676,0.0000353219136477954
"Aurora kinase inhibitors: Progress towards the clinic","Cited Works",12,12,61,-110.00077518263006,212.14561500472013,0.0002053964759293897,0.00007184723006283603
"The AMPK-related kinase SIK2 is regulated by cAMP via phosphorylation at Ser(358) in adipocytes","Cited Works",3,3,62,-123.91904207553151,-242.89475651154652,0.00017238565318067195,-0.0000741572564439727
"Synergy of Peptide and Sugar in O-GlcNAcase Substrate Recognition","Cited Works",2,2,63,204.67064921069232,283.89600867399975,-0.00017497756533082915,0.0007390804800750953
"Discovery of potent and selective covalent inhibitors of JNK","Cited Works",6,6,64,-247.6343501719328,22.309097478925434,0.000024292015425243785,-0.00016244045507723127
"Phosphorylation of FOXO3a on Ser-7 by p38 Promotes Its Nuclear Localization in Response to Doxorubicin","Cited Works",1,1,65,268.2823261179075,217.4451251286353,-0.0003509283772929694,0.00007300575996689249
"AMPK: a nutrient and energy sensor that maintains energy homeostasis","Cited Works",6,6,66,40.87739963295567,135.23552799897186,-0.00042677852032741126,-0.0010020127021165353
"Synthesis and structure-activity relationships of a novel series of pyrimidines as potent inhibitors of TBK1/IKKε kinases.","Cited Works",4,4,67,-135.04209144896717,13.15750716503516,0.0007987611932466329,-0.0005198900805110443
"Peptide inhibitors of the Keap1-Nrf2 protein-protein interaction","Cited Works",1,1,68,-85.84135240726337,-324.50548166388904,0.0009626167196097795,-0.00017219183061135677
"Small molecules that bind the Mdm2 RING stabilize and activate p53","Cited Works",2,2,69,27.71498206043757,332.03428318901996,0.0006144855009834706,0.0007726866441978385
"Reduction in BACE1 decreases body weight, protects against diet-induced obesity and enhances insulin sensitivity in mice","Cited Works",29,29,70,21.291103375149554,-236.26060712180467,-0.00008455470813367934,-0.0001606913028037499
"AMP-Activated Protein Kinase: A Target for Drugs both Ancient and Modern","Cited Works",11,11,71,164.09728812517457,204.98518999224655,0.00009529996354409944,-0.000026160936500130293
"Changes in the ratio of free NEDD8 to ubiquitin triggers NEDDylation by ubiquitin enzymes","Cited Works",1,1,72,-64.72922424997257,337.1525498274325,0.00039290805700222393,0.00019933965765911582
"Fragment-based discovery of 6-substituted isoquinolin-1-amine based ROCK-I inhibitors.","Cited Works",4,4,73,38.97692287493521,-5.523851066560255,0.00004018706362768601,-0.0005792419363254294
"A multifunctional protease inhibitor to regulate endolysosomal function.","Cited Works",2,2,74,-49.52789434690523,307.36067675346624,0.0003345340215422661,0.00010895578761903803
"Design, Synthesis, and Structure−Activity Relationship Exploration of 1-Substituted 4-Aroyl-3-hydroxy-5-phenyl-1H-pyrrol-2(5H)-one Analogues as Inhibitors of the Annexin A2−S100A10 Protein Interaction","Cited Works",1,1,75,-347.618152183954,-0.6313348815490558,0.00007300655865558335,-0.00019734204149807476
"4-benzimidazolyl-3-phenylbutanoic acids as novel PIF-pocket-targeting allosteric inhibitors of protein kinase PKCζ.","Cited Works",1,1,76,275.5628673703891,-224.43510842991807,0.00021851883145901016,0.0002596535478735715
"Optimisation of 6-substituted isoquinolin-1-amine based ROCK-I inhibitors","Cited Works",4,4,77,-9.94220487737274,32.88698066246655,0.00014105841992393355,-0.0002660917474952728
"Design, Synthesis and Biological Evaluation of Novel Inhibitors of Trypanosoma brucei Pteridine Reductase 1","Cited Works",1,1,78,272.5721209278297,-160.97532925372434,0.000795905917185052,0.00019242427121165737
"The inhibitory effect of phospholemman on the sodium pump requires its palmitoylation.","Cited Works",1,1,79,-296.5824027279554,-50.908824023368865,-0.00019861824758319116,0.000007141195657162091
"SCF/β-TrCP promotes glycogen synthase kinase 3-dependent degradation of the Nrf2 transcription factor in a keap1-independent manner","Cited Works",1,1,80,-286.3893130994119,205.93224659203514,0.0000772095133727682,-0.00005483034714339335
"Immunosuppressive but Non-LasR-Inducing Analogues of the Pseudomonas aeruginosa Quorum-Sensing Molecule N-(3-Oxododecanoyl)-L-homoserine Lactone","Cited Works",1,1,81,103.43782409402597,-323.249259241724,-0.0003031785531372913,0.0001072956883060562
"Absolute SILAC-Compatible Expression Strain Allows Sumo-2 Copy Number Determination in Clinical Samples","Cited Works",2,2,82,-122.48456635103867,323.02991258706936,-0.00005069912525489939,0.00013076678433217304
"Collateral sensitivity of multidrug-resistant cells to the orphan drug tiopronin.","Cited Works",1,1,83,132.86783849187057,-330.4158288049583,0.00033779780064188827,0.00036644082396085283
"Characterization of a selective inhibitor of the Parkinson's disease kinase LRRK2","Cited Works",11,11,84,220.54582476280044,105.32375350396158,-0.00028267131958084054,-0.00018246211565277475
"ATP site-directed inhibitors of protein kinase CK2: an update.","Cited Works",1,1,85,-350.38951439178516,-39.37303809189719,-0.00011588730497851355,0.00007460962388218112
"Identification of Inhibitors of the Leishmania cdc2-Related Protein Kinase CRK3","Cited Works",3,3,86,184.9525365917514,-290.90434945133046,0.0002483385453082111,0.0004242864590119744
"Polyubiquitin binding to optineurin is required for optimal activation of TANK-binding kinase 1 and production of interferon β.","Cited Works",2,2,87,92.54216776095205,333.60996353354665,0.00002368152930092848,0.00029981183948883243
"Substrate and Product Analogues as Human O-Glcnac Transferase Inhibitors.","Cited Works",4,4,88,-148.6713874497707,-284.7806449757504,0.00033072257410324615,-0.00015716311819985278
"The cytoprotective role of the Keap1–Nrf2 pathway","Cited Works",7,7,89,204.35820197131204,-49.4701259586349,-0.00020094057270794458,0.00040687550414440847
"Design, synthesis and biological evaluation of 6-pyridylmethylaminopurines as CDK inhibitors","Cited Works",3,3,90,-244.63141637386985,125.04755738717854,0.000145888537874634,0.00028737088450054915
"Analgesic omega-Conotoxins CVIE and CVIF Selectively and Voltage-Dependently Block Recombinant and Native N-Type Calcium Channels (vol 77, pg 139, 2010)","Cited Works",2,2,91,202.50829696608417,-241.7535317351292,0.0004167149549024314,-0.0006077648921750716
"NF-κB controls energy homeostasis and metabolic adaptation by upregulating mitochondrial respiration","Cited Works",1,1,92,-299.1157037351668,31.115534276656515,-0.0003292645192569575,-0.0007392902973694111
"Development of 18F-fluorinatable dendrons and their application to cancer cell targeting","Cited Works",1,1,93,193.46098544538654,-192.71554698391773,-0.0000824800069736252,0.000536085686286953
"The specificities of small molecule inhibitors of the TGFß and BMP pathways","Cited Works",3,3,94,278.9841720266749,-43.41550654365469,-0.0001703642972145888,0.00009664914140576838
"Catalysis by the nucleolytic ribozymes","Cited Works",5,5,95,-3.3007747691544482,229.8806657470115,-0.0002112575594194005,-0.00007697821002162987
"Characterization of GSK2334470, a novel and highly specific inhibitor of PDK1","Cited Works",2,2,96,-248.9221302895143,-238.46513014824285,-0.0002435794133348025,0.00001224761057954174
"N1-Benzyl substituted cambinol analogues as isozyme selective inhibitors of the sirtuin family of protein deacetylases","Cited Works",4,4,97,352.7430096877738,21.984503924443306,-0.00013160301949219466,-0.00010296866542167659
"AMP-activated protein kinase—an energy sensor that regulates all aspects of cell function","Cited Works",7,7,98,-312.5734423273482,101.8072387422733,0.0000523480345578798,0.00010941589269005333
"Optimisation of the Anti-Trypanosoma brucei Activity of the Opioid Agonist U50488","Cited Works",1,1,99,305.84359079169366,-176.79993029304765,0.0002446537961163286,0.00011121402282771516
"109-294-662-661-65X","Citing Patents",,,100,-92.783591981889,0.4566444316476981,-0.0006325824944471962,-0.00023534523738738127
"074-937-457-594-345","Citing Patents",,,101,-88.51255837952712,-61.14286711735523,-0.0002848950410100203,-0.000266505853345976
"081-355-367-506-27X","Citing Patents",,,102,315.92441702160994,0.6668802265813272,0.0008337120247401546,-0.0001654029188080372
"048-634-530-447-798","Citing Patents",,,103,119.34449063823878,49.30976697010761,-0.00014976103283024372,-0.00033305060930164526
"137-231-469-269-151","Citing Patents",,,104,2.1355345952381772,-354.20807204645934,0.0000611764258623984,-0.000253640960967204
"031-072-815-607-16X","Citing Patents",,,105,69.38800001872745,53.29296782402448,-0.00007503709150885867,-0.00024560096399438915
"105-312-070-982-098","Citing Patents",,,106,53.90527466717938,35.102653351920935,-0.00022603587824564212,-0.00003251205501562486
"018-515-082-074-296","Citing Patents",,,107,107.98877665618684,4.8059838815278075,-0.00018703167806875167,-0.00008732209442384869
"027-228-373-793-594","Citing Patents",,,108,133.90385014841166,280.82471988126906,-0.000156236521305185,0.0001355851193312666
"016-712-604-622-721","Citing Patents",,,109,-212.36452342899008,-208.97185712626748,-0.0000957354302985429,0.00007167798180327672
"086-316-087-480-933","Citing Patents",,,110,297.5183982220091,-94.91957052974544,-0.00006607907531636197,-0.0000908063415350345
"118-309-833-112-117","Citing Patents",,,111,-207.5921699684084,274.6425088234384,0.00008047393596535765,-0.00017605198538512973
"134-672-819-080-83X","Citing Patents",,,112,-37.672696523523065,-350.30294406971035,-0.00006750063086108925,-0.0004389522452950914
"036-789-224-520-054","Citing Patents",,,113,335.2460080950651,114.58983508038212,0.00046162925902226666,0.00001936287674796644
"106-594-488-484-12X","Citing Patents",,,114,-309.3486379451785,-79.80658328646217,-0.00024351471243595768,0.00008566908167432218
"125-726-727-125-409","Citing Patents",,,115,246.69563931555888,-175.55291919426287,0.0004986019740877464,-0.00011430468378372942
"161-487-188-181-03X","Citing Patents",,,116,178.0905113205076,89.37712891346854,-0.0004355176414863052,-0.00014628774363032796
"076-538-237-089-675","Citing Patents",,,117,148.32688817954556,29.718815014617036,-0.0002579128249941614,-0.0003418059932560235
"051-324-518-696-462","Citing Patents",,,118,191.4887819705741,80.02427270498342,-0.0003402842059328389,-0.0003151228206931998
"198-017-973-913-570","Citing Patents",,,119,152.68883652377613,89.7119625096249,-0.00036553638322797986,-0.00013374711692869628
"156-653-831-632-101","Citing Patents",,,120,203.10783304004391,67.67275641413944,-0.00012190960247045624,-0.0005718187952909126
"178-739-712-688-618","Citing Patents",,,121,125.64061717950375,84.26933570739956,0.00008340210603120165,-0.0001599680318061486
"131-486-498-702-07X","Citing Patents",,,122,-68.74852432170965,2.8794389691377433,0.0010855037514467653,0.00009653662235075966
"010-031-167-075-106","Citing Patents",,,123,-45.865971286331586,10.812185623216612,0.00006120344288715824,0.00020884991081673073
"119-453-428-180-987","Citing Patents",,,124,-205.54108678392544,92.69442619502922,0.0001386280366532492,-0.00020189170515163765
"153-595-914-216-97X","Citing Patents",,,125,-169.1987455036309,-55.658517618911965,-0.000040718637127700254,0.00043334888858737595
"148-353-591-913-750","Citing Patents",,,126,-183.65024229547976,-2.297069236091837,-0.0005595719916080403,-0.0005648456744728865
"019-827-938-996-490","Citing Patents",,,127,-218.29978890651083,-44.48209105929751,0.00011715451135725085,-0.0005295046000680023
"184-646-935-269-773","Citing Patents",,,128,180.5707350164549,-154.35890547578472,-0.0003707406916780374,0.00031507050124358963
"186-230-275-872-748","Citing Patents",,,129,134.0587766529405,-124.20576184188386,-0.0002566219435323869,-0.0002519446125637908
"165-291-395-706-725","Citing Patents",,,130,134.36921981889674,-180.52676165640304,0.00018409097444924277,0.00023233334424122598
"047-113-007-956-15X","Citing Patents",,,131,172.17997588418226,-130.2493356725494,-0.00009791868997305609,8.243452136735829e-7
"089-019-916-582-397","Citing Patents",,,132,117.65367400192984,-146.35138675791822,-0.0006457677617878993,0.0002591060534359344
"136-000-598-663-919","Citing Patents",,,133,158.7240238531731,-182.86112439496955,-0.0002491872473858521,-0.0000047329746523973315
"051-072-189-723-758","Citing Patents",,,134,168.34462602458882,307.57228667794186,-0.000004324358825751745,-0.000045885458464382796
"040-766-915-457-886","Citing Patents",,,135,-169.60210302120498,-200.11898276054447,0.0004398394416936034,0.0002827148980286284
"141-482-415-400-338","Citing Patents",,,136,-123.5480886601268,-162.8304602699056,0.00006594746209641969,0.00037408862625031567
"149-129-599-518-595","Citing Patents",,,137,9.709192976895269,-36.77076518589552,-0.00008400212049435844,-0.00014293030688684714
"156-286-485-464-499","Citing Patents",,,138,-33.17438698900784,-50.73017983655717,-0.00013063840400317738,-0.001040225238751113
"001-353-214-346-040","Citing Patents",,,139,-105.08596813663323,111.19406253112116,0.0001236765841683255,0.00003831727493494759
"118-479-143-842-720","Citing Patents",,,140,-60.561472538000665,149.5549044424804,0.00025314798149942243,0.0003160364416585995
"007-641-959-106-118","Citing Patents",,,141,-60.953679053501624,96.16799950170015,0.0001833341395065198,-0.00035455340260113886
"189-040-066-278-226","Citing Patents",,,142,-45.684649939360256,131.67626559429286,0.00008595505606303761,0.00004001863780289764
"026-244-336-682-442","Citing Patents",,,143,-257.4750003801436,-148.63977156717587,-0.00016700431721444232,0.0008667627396374756
"168-286-254-597-740","Citing Patents",,,144,-63.28495222561951,-97.1544946427019,-0.0004279852144856287,0.0001634542985724078
"109-916-358-959-05X","Citing Patents",,,145,-205.2614585772732,169.6071330609501,-0.00021377649061252377,0.0003745838697608125
"002-458-268-309-533","Citing Patents",,,146,-91.00505987767687,-195.42940486146918,0.000264960745454542,-0.00003427447009039727
"038-310-729-099-192","Citing Patents",,,147,35.75502533003051,-65.2153393877466,0.00015318146928925794,0.00006453686000788134
"179-033-965-606-598","Citing Patents",,,148,-17.083968347998407,-102.10111312685588,-0.00019380663903163404,0.00015578988286193586
"113-229-447-433-64X","Citing Patents",,,149,31.993615307222196,-111.17027645011996,0.0003352545002520076,-0.00011030323403305375
"077-771-399-719-227","Citing Patents",,,150,-18.570188666335174,-77.53916960583985,0.00017605996125054108,-0.00017503953823900612
"183-966-651-664-305","Citing Patents",,,151,1.5629556706442809,-116.47102851555304,0.00020295435611869804,0.0003450232919985289
"013-467-292-050-692","Citing Patents",,,152,44.45290890083871,-88.34181995202444,-0.00019053690682894719,-0.0001392409069725523
"079-314-054-163-947","Citing Patents",,,153,122.8280848311688,-31.213823625806793,-0.0001581357449705576,0.00003661425993051054
"110-082-309-221-187","Citing Patents",,,154,119.77510707038607,-74.85260526929018,0.000473863307647974,-0.0008111718271801318
"128-382-566-327-896","Citing Patents",,,155,-249.35337686736003,209.15412952071364,-0.00011339274268489587,0.00018821337603618508
"143-543-676-408-839","Citing Patents",,,156,-234.95036337654764,160.34210241185917,0.0009427909667346335,-0.00013216089824669567
"005-743-260-244-802","Citing Patents",,,157,325.2324826556161,-125.36025304690504,0.000331925789620607,0.00024608310587641015
"026-638-223-054-804","Citing Patents",,,158,-157.89369072079563,310.6910182901983,0.00004178722228977416,0.00024851069128045477
"048-208-660-423-215","Citing Patents",,,159,212.413271393324,-84.05574931377868,-0.00027420070271450583,-0.000229296635191447
"159-658-602-048-982","Citing Patents",,,160,285.52881371928913,192.18657160683733,0.00022181829931648965,-0.0003633933818183603
"077-811-145-153-079","Citing Patents",,,161,-226.30128349602245,228.15618321893928,0.00007281951250250606,0.00009524122778704763
"170-781-236-728-970","Citing Patents",,,162,-183.12175309912794,188.18762857492013,0.00007945793645033407,0.00006955546356389938
"144-284-594-583-951","Citing Patents",,,163,-204.86381714777298,244.89938983482477,0.00006458234508495489,0.00022805647686740675
"139-409-891-293-77X","Citing Patents",,,164,-212.6348978409182,-280.5495944894007,0.0001616697211327858,-0.0001680006966515296
"081-017-751-048-013","Citing Patents",,,165,-169.28577754113704,-85.72487117596351,0.00005065064286941083,0.000273836055173432
"114-963-910-586-828","Citing Patents",,,166,-228.67878284668654,-73.25498557783325,-0.00017965807191186074,0.00010519331928239769
"162-513-842-046-362","Citing Patents",,,167,-195.47118487455097,-115.6845024676678,0.00010860669319521614,-0.0002838154807964205
"188-803-921-043-695","Citing Patents",,,168,231.0957341231564,147.2056704474377,-0.00035726982100519505,-0.00017323444807504015
"191-147-881-232-285","Citing Patents",,,169,-27.036693293188566,103.47618084823695,0.0005277853425360038,0.000012307708321585268
"081-817-015-173-962","Citing Patents",,,170,20.76333801881045,82.76592050824544,0.0001240066992022018,-0.00035927616242105047
"106-530-060-683-82X","Citing Patents",,,171,-287.99440345119706,-146.2509189433054,0.00011247747429627592,0.00029774611734503174
"133-935-409-400-672","Citing Patents",,,172,-246.47251242505936,-190.05631032342234,-0.00017330120338727021,-0.00019957858261098886
"046-588-899-387-353","Citing Patents",,,173,177.62043066019493,23.383653176560966,-0.0004672872572031638,-0.0004848128542309503
"049-222-171-973-678","Citing Patents",,,174,-268.05909401330086,-65.25101046822508,-0.00013040605199880935,0.00009164717776258963
"074-598-665-914-143","Citing Patents",,,175,-243.89565395658533,-100.10461278358933,0.000035904058750184026,-0.000654516256455069
"190-195-697-065-907","Citing Patents",,,176,-21.371699312347385,291.9639814183687,0.0002375225965948649,0.00004939013644218457
"031-461-589-086-771","Citing Patents",,,177,-76.38557567548784,289.72998958206466,0.00021371881178043826,0.00019450721875210932
"167-851-091-520-257","Citing Patents",,,178,239.92928650391588,70.92224049702953,-0.0004080119701672038,-0.00025900566774617257
"151-760-923-304-502","Citing Patents",,,179,52.64348894403559,286.4362438384776,-0.0004989570568969148,-0.0002288193142745417
"097-019-537-894-104","Citing Patents",,,180,82.54131358876107,108.24475034829017,0.000328764291037743,0.0006658815594761093
"170-696-774-214-700","Citing Patents",,,181,115.82908568050918,155.20103177444838,0.0002715717469770791,0.0003309901974519896
"084-807-525-209-072","Citing Patents",,,182,-319.32535120574454,-154.40125026666982,0.00014549152070212032,0.0001036309993131132
"044-648-704-787-12X","Citing Patents",,,183,324.8154688770783,-64.06360588780895,0.00034470470469250713,-0.0003726998814330973
"150-822-190-827-131","Citing Patents",,,184,-147.21470108111504,135.9148919258003,0.000011988580668124623,0.00012676377796352818
"051-919-508-851-10X","Citing Patents",,,185,-165.3341463275888,103.18337266828581,0.00004270602985837237,-0.00005527664188293077
"036-251-116-198-69X","Citing Patents",,,186,301.813868476598,66.79989506977124,0.0005780821812044254,-0.00010634393919981972
"149-946-446-737-586","Citing Patents",,,187,27.617136812813545,212.5371832983748,-0.00011549891807460174,0.00029409354626605864
"075-397-286-033-085","Citing Patents",,,188,69.05017606828463,188.21274309871293,0.0005022441854691257,0.002127747502151933
"028-992-308-265-357","Citing Patents",,,189,67.7487456206987,246.64974620753864,0.00008562700969185349,-0.00006458262905168887
"044-207-676-689-405","Citing Patents",,,190,38.36084182875293,191.63352429174557,-0.00020635330908186852,0.0007635664444722569
"030-350-713-791-200","Citing Patents",,,191,88.98724619020348,221.21804182771314,0.000016538090629979185,0.0002593625897179163
"093-997-239-092-949","Citing Patents",,,192,-122.89346781375895,-94.71625910443353,0.000041156585123777735,0.00019975182729380404
"046-345-437-716-689","Citing Patents",,,193,-131.79246474890047,-127.82512788403626,0.00044330231878407267,-0.00010524907190352372
"146-411-731-640-871","Citing Patents",,,194,-73.39165353346637,-132.2017205458338,-0.000044667163372208094,0.00012308166685450882
"000-266-572-036-366","Citing Patents",,,195,-170.4803917927809,43.29621076039282,0.000023944889042363562,0.00007093891980641462
"186-389-876-954-313","Citing Patents",,,196,82.18959278317762,-125.40185162532894,0.00020493308996714747,-0.00014181156773305053
"168-483-508-794-377","Citing Patents",,,197,-36.628462186341515,348.5969501648949,-0.0001725345314423532,0.0004363556437709912
"029-748-240-628-036","Citing Patents",,,198,-185.50246513241342,-146.11434340397548,-0.00017505853636191234,0.0004160504781130024
"184-507-509-452-559","Citing Patents",,,199,183.46446599922996,-94.51006468907813,-0.00035062392081598167,-0.0006609655286143732
"069-961-069-943-549","Citing Patents",,,200,-106.97206143622918,73.67030615338578,0.00021046143657462452,0.00009098371949054045
"017-777-392-752-199","Citing Patents",,,201,-106.81852253012165,177.96930468709942,0.00020291877130539578,0.00004493329701888253
"000-150-893-948-804","Citing Patents",,,202,-76.0534058748137,216.93585160829295,0.00020986035872846837,0.00007256715356371585
"027-437-502-794-894","Citing Patents",,,203,-143.8315245287237,215.31565064788663,0.0001508584728120439,0.00007627367952555072
"074-789-039-135-70X","Citing Patents",,,204,-77.92389225395225,198.69363398524158,0.00019880636018016344,0.0000546751135911511
"063-617-165-524-327","Citing Patents",,,205,-120.27754462634472,244.60000958012242,0.00019555891998711272,0.00005341363984148889
"019-872-586-012-269","Citing Patents",,,206,-125.22518505477187,181.77374806472068,0.0002087719975864627,0.000038496590783820145
"103-648-347-913-447","Citing Patents",,,207,-84.32684993166197,234.1533783746716,0.0002157987463454622,0.00007804859691614013
"007-245-406-573-328","Citing Patents",,,208,-136.0142007694082,233.55921381115252,0.0001669324206681852,0.00002907278847664035
"008-337-248-044-723","Citing Patents",,,209,-89.54263056002083,184.9283859379857,0.00018268824295179995,0.000040759585171607975
"197-071-041-313-103","Citing Patents",,,210,-100.60830178228856,244.80680411745078,0.00020370435842043884,0.00008975352680292564
"098-538-513-984-747","Citing Patents",,,211,-139.13259562355648,195.3066515977713,0.00017506117810235853,0.00007855832175963951
"019-125-805-246-964","Citing Patents",,,212,-115.29977838596965,-213.55261477389197,0.0002982469899030837,-0.0005906404008538021
"172-064-016-145-117","Citing Patents",,,213,-147.27555956597215,-222.46122653129015,-0.00024184298733137403,-0.00006403458487428924
"007-417-942-335-284","Citing Patents",,,214,-97.88939450412829,-258.91577089500413,0.0003255513907057042,-0.00004443243713079248
"005-947-025-410-764","Citing Patents",,,215,225.36814975255092,261.38802862057076,-0.0003466390846151572,0.000559881278770822
"116-404-026-640-450","Citing Patents",,,216,174.94263569678682,276.1990206608969,-0.000014939973897526437,0.0006828147866228095
"090-437-295-781-023","Citing Patents",,,217,-217.4230566580275,12.907725733538589,0.00032971310257897275,-0.00007412663991370124
"197-158-559-918-854","Citing Patents",,,218,-247.172638462712,53.580284637098316,-0.00010281011343907988,-0.0005833767200693202
"076-225-263-850-117","Citing Patents",,,219,-259.86438100436663,-8.180673715675473,0.000010813703457843593,-0.00009281618284580976
"049-199-509-181-561","Citing Patents",,,220,-221.47911160804486,40.77196677415411,0.00024267843971839223,-0.00031249300938125457
"179-045-041-176-506","Citing Patents",,,221,-276.3965573502454,10.757221476834344,0.00015953382894930593,-0.00018933538602520158
"004-301-778-674-378","Citing Patents",,,222,-236.4868401028608,-7.985192493664469,0.00010517982135732648,-0.0000223433539220802
"111-313-231-732-367","Citing Patents",,,223,245.84181345844522,236.7939243607057,-0.0005752770417134359,0.000025001713458940727
"092-197-031-561-353","Citing Patents",,,224,11.151005880647809,144.56244584214426,0.0005856611760826618,-0.0006794609636998615
"192-019-786-423-841","Citing Patents",,,225,71.97306252530569,141.5303581535398,-0.0009030290151150842,-0.0009422154250501147
"076-608-180-638-59X","Citing Patents",,,226,55.78344579103481,161.60639979810375,-0.0002869735442394765,-0.0011260869593854243
"175-263-797-963-040","Citing Patents",,,227,42.298001676708544,104.72071793165938,-0.0004484672833868875,0.00044108927711957076
"141-694-167-791-759","Citing Patents",,,228,-116.55311826352796,-12.35873786860306,0.0009558511146423858,-0.0003061920640402449
"081-203-444-563-604","Citing Patents",,,229,-156.1844510352553,-9.720603387787552,0.0007370011431358234,-0.0004355476330313558
"125-348-249-762-351","Citing Patents",,,230,-136.08137738613556,-20.262986381704554,0.0008130591250913275,-0.0003092235450202863
"125-850-986-196-787","Citing Patents",,,231,-117.06637333715506,38.28223111074581,0.0002793680361410737,0.00027415986108251486
"119-397-162-706-860","Citing Patents",,,232,-114.64394040097574,-332.5898571393879,-0.0001918642389160091,0.00006846914434217345
"133-023-408-974-285","Citing Patents",,,233,53.8154060789072,316.288965958226,-0.00029638697232111305,0.000302619391648656
"039-847-299-166-952","Citing Patents",,,234,-0.21554663373062716,319.83759423041295,-0.0002011350679167523,0.0010912603025131703
"076-641-402-312-988","Citing Patents",,,235,23.29848930727421,-276.73019464255475,-0.00008819330681608742,-0.00006908176341970358
"102-485-198-725-150","Citing Patents",,,236,46.83494710158618,-213.83345075289958,-0.00010602600116418961,0.00010227781379584886
"168-829-456-947-639","Citing Patents",,,237,-11.398698223071737,-247.23475262967997,-0.000031635818824651825,-0.0004354526610008716
"098-813-369-162-741","Citing Patents",,,238,58.4239380483369,-260.9241990780912,-0.000008747056076987418,-0.00017863539302376275
"023-180-369-416-862","Citing Patents",,,239,0.9828955771312577,-201.54384495784169,0.000155337049609245,-0.000262292712999796
"189-473-046-734-005","Citing Patents",,,240,-4.045722299063275,-272.32803283807544,-0.00007749118133352356,-0.00012321125846517648
"019-633-684-883-828","Citing Patents",,,241,55.37378980317855,-231.4232932811323,-0.0000772344453160323,-0.00012021383964702127
"174-501-376-407-235","Citing Patents",,,242,-6.390690613592705,-216.34503260126658,-0.0000349897008924481,-0.00008360561949192555
"129-062-448-949-030","Citing Patents",,,243,36.78151606792631,-265.7673838140657,-0.000018191165807141667,-0.0002630361736135008
"162-916-741-322-002","Citing Patents",,,244,33.519939418003986,-202.53002848794543,0.00003991447782677321,-0.0002744708561395256
"080-026-305-809-343","Citing Patents",,,245,-19.762818790547588,-256.0333438000652,-0.00004763087909330152,-0.00016179587420960114
"016-698-167-713-829","Citing Patents",,,246,65.0211309623564,-247.03247500770345,-0.000039984918625086266,-0.00017776063823678033
"091-325-080-234-401","Citing Patents",,,247,17.114808782598956,-203.0331232137172,0.00018538610243382312,-0.0006277236973024286
"032-206-614-235-635","Citing Patents",,,248,10.13487938519172,-279.93764004698284,-0.00002059220751721019,-0.00006429583996350853
"143-271-017-351-983","Citing Patents",,,249,62.25930832567558,-219.4216715998061,0.000015255979314974382,-0.00010020408277245998
"169-312-245-869-778","Citing Patents",,,250,-23.43829368490378,-239.0041498042409,-0.0001778515039364735,-0.000163116000978121
"089-818-979-077-305","Citing Patents",,,251,49.094770738435535,-269.67788730261884,0.00006522082108598656,-0.00016306216641353408
"187-517-157-601-239","Citing Patents",,,252,26.375274205354007,-191.92017481121803,-0.000006831907977242895,-0.0003513711458986355
"111-583-988-147-450","Citing Patents",,,253,-7.599970967886275,-261.31348800621174,-0.00005789326655180268,-0.00018836747936986804
"058-026-435-099-506","Citing Patents",,,254,67.27300474061042,-233.6128032350055,0.0000012355839463344676,-0.00018189856013754637
"153-651-762-444-327","Citing Patents",,,255,-11.196123767337781,-205.24509448706067,-0.00008886411616402106,-0.00020581749381205923
"159-766-711-047-610","Citing Patents",,,256,36.33695361189887,-278.0186458566817,0.00003214387184351311,-0.000004707796761546992
"058-933-099-316-100","Citing Patents",,,257,44.3253666074935,-197.7148399197425,0.0001351516963913252,-0.00019720830112635694
"023-452-662-674-373","Citing Patents",,,258,-14.723897771641035,-230.68608625116485,-0.00004359579815979009,-0.000449251538636398
"047-432-030-246-04X","Citing Patents",,,259,52.577296080463135,-250.06418127878507,-0.000006846135898067735,-0.00017851059985467526
"139-008-712-602-518","Citing Patents",,,260,10.43974787728013,-192.80133154884817,-0.0007019168793121533,-0.0002463685611360466
"137-720-748-139-162","Citing Patents",,,261,9.550860149107354,-268.12928043680074,-0.000048802466165846076,-0.00015436777804848093
"192-136-893-476-749","Citing Patents",,,262,56.25323801882007,-206.35442586921855,0.00014189233118564598,-0.00017712769447224622
"172-890-893-515-719","Citing Patents",,,263,-20.255659018345717,-219.4283511026444,0.00043983026183136637,-0.00028141882284777274
"104-472-615-006-481","Citing Patents",,,264,187.82129547644436,183.2970606666932,0.0002551494659039297,0.0001873301132766736
"097-374-332-908-898","Citing Patents",,,265,142.12272776775546,229.37978514390795,0.0003316964211132166,0.00027842790428061586
"034-416-075-094-770","Citing Patents",,,266,140.02530409837254,183.15058460497534,0.000043569782187324184,0.0000723200304646062
"127-642-274-375-054","Citing Patents",,,267,197.38716174108507,205.39573299827546,0.00023261430165276084,-0.000048875635147051234
"036-708-909-192-156","Citing Patents",,,268,167.41085156256185,237.19487847484336,0.0001130441719754828,0.0002655952858118711
"193-863-590-855-263","Citing Patents",,,269,161.88032922533952,172.87959315336806,0.00007673111227130755,0.000259527177689136
"150-028-859-997-047","Citing Patents",,,270,189.93364681166338,225.6491206325848,0.0001834128221682392,-0.00005483512255296321
"132-394-716-226-832","Citing Patents",,,271,131.6210052796635,205.16186571099908,0.0001516131367070357,0.000003833677244716172
"131-238-819-455-784","Citing Patents",,,272,70.43475102986709,-11.50462467262692,0.00032932224761224614,-0.000546201381529549
"155-402-461-387-483","Citing Patents",,,273,56.458431873784114,-32.51626556585938,0.0002062155882182966,-0.00035161248390172783
"040-389-070-176-191","Citing Patents",,,274,8.743979508255556,6.018303509918342,0.00001730038399141247,-0.0005271070275096443
"076-478-479-475-120","Citing Patents",,,275,22.714380058591125,25.223495131364523,0.00013736385216174142,-0.00031598301567685585
"034-190-802-321-708","Citing Patents",,,276,-347.51089252883037,29.920708912393412,0.00007940288167578857,0.000007022517241950243
"130-316-719-983-242","Citing Patents",,,277,251.85992998218208,-245.14586059462016,0.00026904354259457697,0.0002668156712179501
"036-668-261-470-040","Citing Patents",,,278,-9.301056217909517,63.69186515853399,0.00015493191171046076,-0.000271292095749229
"183-767-289-461-131","Citing Patents",,,279,-37.40626994862585,49.23030680780597,0.000272687527201722,-0.00018374780113021875
"107-556-164-321-147","Citing Patents",,,280,249.93815327815662,-139.7728627496901,0.00020988344074379764,-0.00040268035074960475
"066-190-726-252-149","Citing Patents",,,281,-269.2972412816844,233.06171273963906,-0.000006471997053060507,0.00006120902127053768
"140-900-012-438-14X","Citing Patents",,,282,80.35772311156464,-343.8195458686691,-0.00009941684419397384,-0.0000399576961506793
"058-438-690-312-096","Citing Patents",,,283,-95.11886929415137,335.30485249949794,-0.00022675731834855966,0.000208859508281704
"004-889-112-130-518","Citing Patents",,,284,-130.71671627968448,293.6185222294063,-0.00007130443595219013,0.00015896640265090426
"193-040-307-473-220","Citing Patents",,,285,155.27281425733716,-310.45536010241653,0.000012116474895638302,0.0005418052111504378
"188-718-220-131-362","Citing Patents",,,286,240.48854478076996,132.26692046084713,-0.000369236288238171,-0.000004300954874522644
"087-577-350-425-176","Citing Patents",,,287,192.44022169452984,123.75803866134142,-0.00022815623094770072,-0.00014029668864851477
"191-670-060-004-126","Citing Patents",,,288,255.43713617875812,104.83850644781938,-0.0005183956042433206,-0.00017430116712160713
"041-699-843-843-567","Citing Patents",,,289,209.4198086263167,136.85841151484405,-0.000290708192150144,-0.00010153473078387265
"180-366-233-781-99X","Citing Patents",,,290,249.27664761816138,88.19694978914568,-0.0004853175917840253,-0.0003113517803846319
"122-739-962-072-793","Citing Patents",,,291,252.13115056434484,120.74219123832265,-0.0004707262833394926,-0.00007901689885452533
"109-274-898-147-341","Citing Patents",,,292,-348.0690438708903,-70.96432918871301,-0.00013170913336342914,-0.000015082256153936545
"124-179-501-005-870","Citing Patents",,,293,213.97031272332075,-279.6795169604106,0.0003955697846474246,0.00035931019114854784
"008-694-981-426-172","Citing Patents",,,294,176.03356809066554,-261.1885904243981,0.00011655358584600136,-0.00007342245759648993
"109-611-546-954-080","Citing Patents",,,295,155.51995999132967,-277.23300375849607,-0.000017682286103476442,0.0002758332867525026
"004-378-254-734-355","Citing Patents",,,296,109.39388952007462,308.6248309129857,-0.000055176060124541984,0.00015716188286190208
"133-997-520-845-569","Citing Patents",,,297,64.45871954527915,345.43694719861344,-0.00019683856154261852,0.00024296629638223457
"115-381-943-359-61X","Citing Patents",,,298,-137.47946141992637,-313.01798104758745,-0.00022128662348033234,-0.00037763792545016415
"022-078-711-389-998","Citing Patents",,,299,-161.2511011692566,-255.72969248160615,0.0002893076535429133,0.0001632161220250908
"132-854-391-972-865","Citing Patents",,,300,-177.93504504966418,-273.8835554421407,0.00004175450412095619,-0.000019816164686790177
"171-143-110-884-468","Citing Patents",,,301,-117.58177912020865,-286.3562696791975,-0.00037578656261643556,0.0001955365889247728
"003-946-199-636-328","Citing Patents",,,302,181.90214313880864,-25.48087843672771,-0.0003888329991282441,0.00019114535187800887
"009-649-401-227-606","Citing Patents",,,303,231.00922523807202,-67.74059669950033,-0.0006655572827744226,0.00044264903655075806
"170-042-571-881-121","Citing Patents",,,304,223.69497696175213,-22.106464560970576,-0.000370040357367581,0.00013986933152458427
"033-301-273-471-462","Citing Patents",,,305,171.94374635072356,-44.85907873317234,-0.0002476421017212075,0.00016429256750655693
"040-826-560-477-838","Citing Patents",,,306,235.79369709138865,-42.197836596611324,-0.00047094588597044584,0.00039009968974769297
"135-293-472-746-415","Citing Patents",,,307,203.66970797096297,-16.30413675244739,-0.00037815397456519894,0.0000894338049932733
"153-999-081-812-523","Citing Patents",,,308,-243.59326452851272,94.09331197173925,0.00016139494708795088,0.00044716696104743074
"000-498-778-953-787","Citing Patents",,,309,-213.8413009583148,124.91713786316353,0.00033058821301749816,0.00027009679749544766
"085-065-777-135-758","Citing Patents",,,310,-266.2714865613355,147.70776368474387,-0.00005909207532428413,-0.000028747878056919333
"152-366-692-522-975","Citing Patents",,,311,173.18423285525407,-229.77670958245602,0.0001997813338110596,-0.00041961864182806023
"167-869-142-610-582","Citing Patents",,,312,218.54843155048368,-216.65357463858905,-0.00048589605741843826,0.0005472579350163403
"191-676-336-200-724","Citing Patents",,,313,-312.08965400780517,3.1331584160998935,-0.0006581548451519897,-0.000045680251816783425
"056-387-403-639-935","Citing Patents",,,314,214.21900113362412,-169.46717556790924,0.00013006540930050325,0.00004177912206865322
"066-841-401-628-941","Citing Patents",,,315,265.70819910250754,-13.976594374050455,-0.000014748007368903248,0.00017978232159925265
"069-503-782-573-055","Citing Patents",,,316,274.85909610823387,-73.40263023950553,-0.00008629425107661327,-0.00012433359531738297
"028-137-796-142-577","Citing Patents",,,317,297.96875722741805,-20.401717273900633,-0.0002244256371063031,0.0004118624614692763
"197-678-301-596-236","Citing Patents",,,318,-27.904775490444223,248.57579731613313,-0.00027727218589197674,-0.00021111298931119306
"147-466-934-435-143","Citing Patents",,,319,-4.150169353956522,197.05439030862726,-0.0002899175482962285,0.0004299588017081859
"114-647-123-099-321","Citing Patents",,,320,5.687027884212686,261.35304555716056,-0.00029104210112365566,-0.0003662683850893192
"058-829-130-504-901","Citing Patents",,,321,-26.942246547688367,209.41011160649697,-0.0007060626048403073,0.00011539077804423825
"169-953-034-717-264","Citing Patents",,,322,24.718932686300437,246.34634940225203,-0.00021399681912731282,-0.00031185129005190164
"028-012-588-449-727","Citing Patents",,,323,-271.92664071342,-218.53870016951834,-0.00014359145606658366,0.00007849788897185613
"038-839-140-589-623","Citing Patents",,,324,-219.65062749373266,-246.35078847447195,0.0002963966660633928,0.00018849957746640487
"194-924-906-201-593","Citing Patents",,,325,348.93767541716284,53.76810128272069,-0.00010198638240315142,0.00007956649861619314
"195-611-964-620-410","Citing Patents",,,326,324.94813286254845,36.1337188602224,0.0005568868379352035,0.00020314177011712258
"025-014-524-538-421","Citing Patents",,,327,349.76257053446164,-9.052948436096614,-0.00009084044967576127,-0.0001671787534243782
"120-667-268-642-909","Citing Patents",,,328,-321.53170201165915,133.40170184043976,0.00002000534063282544,0.00012035423974922493
"163-117-320-460-138","Citing Patents",,,329,-315.84654787237764,69.31455346869892,0.0000409285499117255,0.000039753253265222
"191-290-593-697-506","Citing Patents",,,330,-281.0474547920369,102.91405207961924,-0.00003223203195840164,0.0003400074315575631
"118-339-847-530-982","Citing Patents",,,331,-342.5271756513402,110.37465460795474,0.00009616230624275649,0.00007115099024235793
"073-318-370-112-877","Citing Patents",,,332,-291.38973157799296,77.26597526952835,0.00009817256651208709,-0.000014234737071715936
"113-828-920-381-078","Citing Patents",,,333,-298.95417675053227,131.29229586245694,-0.00011115653923985877,0.00020786651564569795
"048-983-957-537-421","Citing Patents",,,334,-336.8810092307779,80.22766823326845,0.00006833799403775375,0.000028847961269289066
"073-531-962-083-670","Citing Patents",,,335,301.4646482566176,-146.46871393601708,0.000309875446159262,0.000239784100267669